StartDate,EndDate,Status,IPAddress,Progress,Duration (in seconds),Finished,RecordedDate,ResponseId,RecipientLastName,RecipientFirstName,RecipientEmail,ExternalReference,LocationLatitude,LocationLongitude,DistributionChannel,UserLanguage,Q1.1,Q2.1,Q2.2,Q2.3,Q2.4_1,Q2.4_2,Q2.4_3,Q2.4_4,Q2.4_5,Q2.4_6,Q2.5_1,Q2.5_2,Q2.5_3,Q2.5_4,Q2.5_5,Q2.5_6,Q2.6_1,Q2.7_1,Q2.8_1,Q2.9,Q2.10,Q3.1,Q3.2,Q3.3,Q3.4,Q3.4_9_TEXT,Q3.5,Q3.6
Start Date,End Date,Response Type,IP Address,Progress,Duration (in seconds),Finished,Recorded Date,Response ID,Recipient Last Name,Recipient First Name,Recipient Email,External Data Reference,Location Latitude,Location Longitude,Distribution Channel,User Language,"Informed Consent:
For compliances purposes, we would like to confirm your willingness to participate in this survey. Please read the attached file (Informed consent) for information.

 

Please select if you are willing to participate in this survey below",Are you above 18 years old?,Are you affiliated with IUPUI?,Jag_Assoc,ID_JagCom,ID_JagOverlap,ID_JagAttach,ID_JagBelong,ID_JagValue,ID_JagImportant,ID_iupuiCom,ID_iupuiOverlap,ID_iupuiAttach,ID_iupuiBelong,ID_iupuiValue,ID_iupuiImportant,Jag_feelings_overall,Jag_feelings_pleasant,Jag_feelings_attractive,Future_part,Future_donate,Age,Gender,Race,iupuiStatus,iupuiStatus_other,Employment,Zip
"{""ImportId"":""startDate"",""timeZone"":""America/Denver""}","{""ImportId"":""endDate"",""timeZone"":""America/Denver""}","{""ImportId"":""status""}","{""ImportId"":""ipAddress""}","{""ImportId"":""progress""}","{""ImportId"":""duration""}","{""ImportId"":""finished""}","{""ImportId"":""recordedDate"",""timeZone"":""America/Denver""}","{""ImportId"":""_recordId""}","{""ImportId"":""recipientLastName""}","{""ImportId"":""recipientFirstName""}","{""ImportId"":""recipientEmail""}","{""ImportId"":""externalDataReference""}","{""ImportId"":""locationLatitude""}","{""ImportId"":""locationLongitude""}","{""ImportId"":""distributionChannel""}","{""ImportId"":""userLanguage""}","{""ImportId"":""QID59""}","{""ImportId"":""QID31""}","{""ImportId"":""QID32""}","{""ImportId"":""QID40""}","{""ImportId"":""QID41_1""}","{""ImportId"":""QID41_2""}","{""ImportId"":""QID41_3""}","{""ImportId"":""QID41_4""}","{""ImportId"":""QID41_5""}","{""ImportId"":""QID41_6""}","{""ImportId"":""QID49_1""}","{""ImportId"":""QID49_2""}","{""ImportId"":""QID49_3""}","{""ImportId"":""QID49_4""}","{""ImportId"":""QID49_5""}","{""ImportId"":""QID49_6""}","{""ImportId"":""QID43_1""}","{""ImportId"":""QID47_1""}","{""ImportId"":""QID46_1""}","{""ImportId"":""QID50""}","{""ImportId"":""QID51""}","{""ImportId"":""QID52_TEXT""}","{""ImportId"":""QID53""}","{""ImportId"":""QID54""}","{""ImportId"":""QID55""}","{""ImportId"":""QID55_9_TEXT""}","{""ImportId"":""QID56""}","{""ImportId"":""QID57_TEXT""}"
4/3/22 19:17,4/3/22 19:20,0,166.205.124.135,100,214,1,4/3/22 19:20,R_DpfwdxhBWCfvRPb,,,,,39.7684021,-86.15799713,anonymous,EN,1,2,2,"3,8",5,5,5,5,7,5,6,6,6,7,7,7,7,7,7,6,6,23,2,4,5,,1,46202
4/3/22 19:23,4/3/22 19:26,0,99.44.212.77,100,205,1,4/3/22 19:26,R_3CTSwloZCw1M5d2,,,,,39.78599548,-86.1588974,anonymous,EN,1,2,2,8,1,4,1,1,1,1,4,4,2,4,4,4,4,3.9,3.8,4,2,23,2,1,5,,2,46202
4/3/22 19:44,4/3/22 19:46,0,174.202.67.169,100,100,1,4/3/22 19:46,R_bIB6nlNQ2IwxTUd,,,,,39.89830017,-86.0114975,anonymous,EN,1,2,2,8,4,4,4,4,4,4,5,5,5,5,5,5,4,4.2,4.2,4,4,27,1,1,5,,2,46202
4/3/22 21:02,4/3/22 21:05,0,50.90.65.208,100,171,1,4/3/22 21:05,R_BJHs7ATz8j0GYzT,,,,,39.79319763,-86.21320343,anonymous,EN,1,2,2,8,4,2,1,1,1,1,5,6,2,2,6,6,4.2,4,3.9,3,1,32,1,4,5,,4,46222
4/3/22 21:11,4/3/22 21:13,0,75.35.201.12,100,114,1,4/3/22 21:13,R_3MuS2fRgb7mfOcG,,,,,39.84989929,-86.26490021,anonymous,EN,1,2,2,3,1,1,1,1,1,1,6,5,5,6,5,5,4.9,5.8,3.9,1,3,19,2,2,3,,2,46214
4/3/22 23:25,4/3/22 23:27,0,68.45.23.37,100,139,1,4/3/22 23:27,R_1MM1pZJASVZvbz6,,,,,39.13969421,-86.51409912,anonymous,EN,1,2,2,8,1,1,1,1,1,1,5,2,3,5,5,4,2,2,1.9,1,1,22,1,1,5,,2,46131
4/4/22 4:07,4/4/22 4:10,0,70.225.22.17,100,137,1,4/4/22 4:10,R_DcMAaztTqzjYBsB,,,,,39.77639771,-86.10769653,anonymous,EN,1,2,2,8,4,4,4,2,2,2,5,5,2,2,5,3,4.8,4.6,4.6,2,1,36,2,1,5,,4,46201
4/4/22 10:02,4/4/22 10:04,0,47.227.98.9,100,97,1,4/4/22 10:04,R_1C8gZDksFqcbmTc,,,,,39.74360657,-86.11579895,anonymous,EN,1,2,2,8,1,1,1,1,1,1,5,4,5,5,5,5,4,4,4,3,3,25,1,1,5,,3,46225
4/4/22 13:34,4/4/22 13:39,0,75.112.198.169,100,302,1,4/4/22 13:39,R_21omygQJVfsAvZi,,,,,39.7932,-86.2132,anonymous,EN,1,2,2,3,2,5,5,5,2,1,6,6,6,6,5,5,6,7,7,6,5,25,2,4,5,,2,46202
4/4/22 14:13,4/4/22 14:14,0,47.227.98.140,100,82,1,4/4/22 14:14,R_2qlX0xspLlPbT64,,,,,39.7436,-86.1158,anonymous,EN,1,2,2,"3,8",1,1,1,1,1,1,7,7,7,5,4,4,3,3.9,2.7,1,1,18,2,1,1,,2,46202
4/4/22 18:13,4/4/22 18:16,0,107.119.41.134,100,153,1,4/4/22 18:16,R_3stz7MHLGJuKlZY,,,,,38.5848,-90.2996,anonymous,EN,1,2,2,"1,3",1,1,1,1,1,1,6,5,5,7,7,7,4,3.5,4,1,1,23,2,6,4,,2,46214
4/6/22 8:00,4/6/22 8:04,0,149.162.208.55,100,234,1,4/6/22 8:04,R_10MhubP7EUrS6ai,,,,,39.9573,-86.277,anonymous,EN,1,2,2,3,1,5,1,1,1,1,5,5,2,4,4,4,7,6,5,1,4,23,1,1,5,,2,46222
4/6/22 8:08,4/6/22 8:10,0,107.77.208.172,100,137,1,4/6/22 8:10,R_2VqlUGRudhKH2UF,,,,,41.8764,-87.6133,anonymous,EN,1,2,2,"3,8",2,1,1,1,1,1,5,5,5,6,5,5,5,5,4.5,5,5,23,1,1,5,,2,46060
4/6/22 8:06,4/6/22 8:11,0,149.162.176.76,100,342,1,4/6/22 8:11,R_PCfHc2l1q69w06J,,,,,39.8487,-86.3782,anonymous,EN,1,2,2,1,6,4,4,4,4,4,4,4,5,5,5,5,7,7,7,5,5,23,2,4,5,,2,46217
4/6/22 8:10,4/6/22 8:13,0,107.119.41.54,100,145,1,4/6/22 8:13,R_28Gk0umsQ65jdgP,,,,,38.5848,-90.2996,anonymous,EN,1,2,2,"1,2,3,4",5,5,1,5,6,6,7,5,6,6,6,6,1,1,1,1,3,22,1,7,9,,4,46302
4/6/22 8:12,4/6/22 8:14,0,149.162.192.25,100,116,1,4/6/22 8:14,R_xttQxP59TDgbzR7,,,,,39.7764,-86.1077,anonymous,EN,1,2,2,3,2,2,2,2,2,2,7,5,6,6,6,6,6,5,5.1,3,2,23,1,1,5,,2,46250
4/6/22 8:12,4/6/22 8:15,0,149.162.247.215,100,184,1,4/6/22 8:15,R_39pUYGxuMIrmRgZ,,,,,39.9564,-85.9651,anonymous,EN,1,2,2,8,4,4,4,4,4,4,6,4,4,4,4,4,4.6,5.6,4.2,3,4,22,2,"1,2",5,,2,46220
4/3/22 21:16,4/6/22 8:22,0,50.90.68.204,100,212750,1,4/6/22 8:22,R_xzP1rZEw4TTBdIJ,,,,,39.7932,-86.2132,anonymous,EN,1,2,2,8,4,4,4,4,3,1,6,4,4,4,4,4,6.2,4.5,5.8,5,5,26,2,4,5,,2,46202
4/6/22 8:19,4/6/22 8:22,0,47.248.185.202,100,208,1,4/6/22 8:22,R_33dTxhWm3Rb4u5r,,,,,39.7932,-86.2132,anonymous,EN,1,2,2,"3,8",3,3,3,3,3,2,7,6,6,6,6,6,6.1,6.2,6.4,5,6,23,2,4,5,,2,94521
4/6/22 8:29,4/6/22 8:31,0,107.77.206.22,100,117,1,4/6/22 8:31,R_2qxwsRtrmcz3DCh,,,,,41.8764,-87.6133,anonymous,EN,1,2,2,2,6,5,6,3,7,7,6,6,6,5,5,5,4.1,2.9,3.5,2,2,22,2,1,5,,4,46226
4/6/22 8:28,4/6/22 8:31,0,174.202.98.69,100,212,1,4/6/22 8:31,R_yt30EcPTCVuapaN,,,,,39.2051,-85.9324,anonymous,EN,1,2,2,1,4,4,2,2,2,2,6,6,6,6,5,4,5,6.1,5.3,3,3,22,2,1,5,,2,47274
4/6/22 8:29,4/6/22 8:33,0,149.162.219.53,100,241,1,4/6/22 8:33,R_xtSgqcBKof51USl,,,,,39.808,-86.3169,anonymous,EN,1,2,2,"2,4,7",6,6,6,6,6,6,6,6,6,6,6,6,7,7,7,6,5,23,2,1,5,,2,47274
4/6/22 8:34,4/6/22 8:35,0,140.182.93.176,100,99,1,4/6/22 8:35,R_1mOtRn9ZxvcQS0t,,,,,39.8238,-86.1407,anonymous,EN,1,2,2,"3,8",2,2,2,2,2,2,7,5,6,6,6,6,4,4,4,4,4,26,2,1,5,,4,46237
4/6/22 8:38,4/6/22 8:49,0,47.227.18.8,100,658,1,4/6/22 8:49,R_6gRhPQTSAfo4DT3,,,,,39.772,-86.157,anonymous,EN,1,2,2,1,2,2,2,2,2,2,7,7,7,7,7,7,4,4,5.7,2,4,24,1,1,7,,4,46204
4/6/22 8:58,4/6/22 9:00,0,149.159.235.139,100,135,1,4/6/22 9:00,R_3qINUhtn20chhkB,,,,,39.9744,-86.0829,anonymous,EN,1,2,2,"1,3",2,1,1,1,2,1,5,5,6,6,6,5,2.7,4.3,2.7,1,2,23,2,1,5,,2,46208
4/6/22 9:29,4/6/22 9:32,0,68.57.219.237,100,172,1,4/6/22 9:32,R_31RDZJdBxB6rItz,,,,,39.5992,-86.13,anonymous,EN,1,2,2,8,1,1,1,1,1,1,6,4,7,7,4,4,5,5,6,5,6,28,2,4,5,,2,46143
4/6/22 9:30,4/6/22 9:35,0,50.90.240.185,100,289,1,4/6/22 9:35,R_2aWT6RDN8ExkA2y,,,,,39.7932,-86.2132,anonymous,EN,1,2,2,8,4,4,4,4,4,4,4,5,4,5,4,4,4,4,4,4,4,25,1,4,5,,2,46202
4/6/22 9:58,4/6/22 10:00,0,174.202.70.126,100,133,1,4/6/22 10:00,R_2ykgNl1zRSrkYAs,,,,,39.903,-86.0636,anonymous,EN,1,2,2,8,4,4,4,4,4,4,4,4,4,4,4,4,4,4,4,4,4,MAXINT,1,7,5,,4,12345
4/6/22 9:58,4/6/22 10:03,0,172.225.29.135,100,273,1,4/6/22 10:03,R_3k6UTuA05z3puqP,,,,,39.7684,-86.158,anonymous,EN,1,2,2,8,5,5,5,5,2,2,1,1,1,1,1,1,6.1,6.3,5.9,5,3,41,1,2,4,,4,46037
4/6/22 11:19,4/6/22 11:22,0,208.38.246.77,100,168,1,4/6/22 11:22,R_3p6n2JHXg6GwyXT,,,,,40.0538,-86.1433,anonymous,EN,1,2,2,8,2,2,2,4,4,4,6,4,5,7,5,5,4,4,3,2,3,21,2,1,3,,3,46074
4/6/22 11:27,4/6/22 11:29,0,108.93.214.77,100,152,1,4/6/22 11:29,R_25QsXOsOq2rZZzI,,,,,40.5025,-86.1462,anonymous,EN,1,2,2,"3,8",3,2,1,1,1,2,7,5,7,7,5,5,4,4,5,3,2,21,2,1,4,,3,46204
4/6/22 11:38,4/6/22 11:40,0,149.163.132.105,100,101,1,4/6/22 11:40,R_216PevP6ufiO5a3,,,,,39.8499,-86.2649,anonymous,EN,1,2,2,"3,8",1,1,1,1,1,1,7,6,6,6,6,6,4,4,3.4,2,1,32,1,1,5,,2,46202
3/30/22 11:53,3/30/22 11:55,0,134.68.103.182,65,91,0,4/6/22 11:57,R_21EOOQlIl5eQv9F,,,,,,,anonymous,EN,1,2,2,8,2,2,2,2,2,2,2,2,2,2,2,2,5.1,5,5,4,5,,,,,,,
3/30/22 12:08,3/30/22 12:08,0,149.162.218.36,18,17,0,4/6/22 12:14,R_31n4sfpEn90gPvQ,,,,,,,anonymous,EN,1,2,2,,,,,,,,,,,,,,,,,,,,,,,,,
4/6/22 13:42,4/6/22 13:45,0,149.162.131.24,100,225,1,4/6/22 13:45,R_24NUU4VCwuXVJQ9,,,,,39.7764,-86.1077,anonymous,EN,1,2,2,"3,8",2,4,1,4,1,1,4,4,4,4,4,4,4,4,4,4,2,21,2,6,4,,2,46176
4/6/22 14:03,4/6/22 14:06,0,149.162.168.166,100,129,1,4/6/22 14:06,R_8CdCxogU2oEwclX,,,,,39.772,-86.157,anonymous,EN,1,2,2,3,2,2,2,2,2,2,6,6,5,5,5,5,5,5,5,5,2,22,2,7,4,,4,46033
4/6/22 16:18,4/6/22 16:20,0,107.216.162.15,100,111,1,4/6/22 16:20,R_a30rbAwlNVzOyA1,,,,,40.0565,-86.0159,anonymous,EN,1,2,2,"2,4,5",7,6,7,1,1,1,7,5,3,3,1,1,3.8,1.8,2,2,1,20,2,1,9,,2,46123
4/6/22 18:57,4/6/22 18:59,0,50.90.234.161,100,112,1,4/6/22 18:59,R_1GCCbfc658ALej7,,,,,39.7932,-86.2132,anonymous,EN,1,2,2,8,1,1,1,1,1,1,2,2,4,4,4,4,1.1,1.1,1.1,1,1,23,1,4,4,,2,46202
4/6/22 18:57,4/6/22 19:00,0,50.90.64.127,100,139,1,4/6/22 19:00,R_24GiJBycaQjkrOI,,,,,39.786,-86.1589,anonymous,EN,1,2,2,3,1,1,1,1,1,1,6,3,7,7,7,3,3.2,5.1,4.1,6,5,24,2,4,5,,1,46202
4/7/22 11:55,4/7/22 11:57,0,174.202.68.84,100,134,1,4/7/22 11:57,R_O7DcQi9i7F2DaEx,,,,,39.8238,-86.1407,anonymous,EN,1,2,2,8,2,2,2,2,2,2,6,2,4,4,2,2,7,4.9,5.8,4,5,24,2,1,9,Alumni,4,46143
4/7/22 20:54,4/7/22 20:57,0,68.3.175.199,100,173,1,4/7/22 20:57,R_BFHYlcqzpupacp3,,,,,33.7001,-111.8877,anonymous,EN,1,2,2,8,1,1,1,2,2,2,6,6,5,5,5,2,4,4.2,3.7,1,1,34,2,1,9,,4,85268
4/7/22 21:05,4/7/22 21:07,0,50.90.168.236,100,104,1,4/7/22 21:07,R_3p0asFflnWk1QM7,,,,,39.786,-86.1589,anonymous,EN,1,2,2,8,1,1,1,1,1,1,7,7,7,7,7,6,4.9,6.2,5.7,5,5,26,1,3,5,,1,46204
4/7/22 23:30,4/7/22 23:32,0,47.248.185.188,100,161,1,4/7/22 23:32,R_1Th92mzqY8lfSwh,,,,,39.7932,-86.2132,anonymous,EN,1,2,2,8,2,2,2,2,2,2,5,3,5,5,4,4,3.5,5,3.5,3,5,26,2,4,5,,2,46202
4/8/22 6:20,4/8/22 6:22,0,64.9.239.32,100,120,1,4/8/22 6:22,R_2zJcSBp9yZnLS8I,,,,,41.9409,-87.6532,anonymous,EN,1,2,2,3,4,4,3,4,4,4,6,5,5,5,5,5,4,4.1,4.1,5,3,27,2,1,5,,2,46201
4/8/22 8:34,4/8/22 8:36,0,149.162.171.121,100,135,1,4/8/22 8:36,R_2fjk2y1GHJjuFY2,,,,,39.5992,-86.13,anonymous,EN,1,2,2,"2,4",6,6,7,7,7,7,7,7,7,7,7,7,5,4,4,4,4,24,2,1,5,,2,46202
4/8/22 9:08,4/8/22 9:10,0,149.162.203.88,100,169,1,4/8/22 9:10,R_1i5mkYwfeeAbur9,,,,,39.8499,-86.2649,anonymous,EN,1,2,2,3,5,5,4,4,4,4,7,7,7,7,7,7,4,4,4,4,4,21,1,4,3,,2,46227
4/8/22 16:53,4/8/22 16:55,0,99.90.25.219,100,152,1,4/8/22 16:55,R_z7Ltstrke9qXOLL,,,,,39.50840759,-85.79000092,anonymous,EN,1,2,2,"3,8",1,1,1,1,1,1,7,7,7,7,7,7,4,4,4,2,3,33,1,"1,7",4,,1,46176
4/8/22 22:16,4/8/22 22:19,0,75.244.35.70,100,208,1,4/8/22 22:19,R_6P4J2VSJGKxxjRn,,,,,39.82380676,-86.14070129,anonymous,EN,1,2,2,8,1,1,1,1,1,1,4,5,5,5,5,5,4,3.8,2.7,1,4,25,1,4,5,,1,46202
4/10/22 9:59,4/10/22 10:01,0,99.90.25.219,100,112,1,4/10/22 10:01,R_3qvDgfhSXTETDTO,,,,,39.50840759,-85.79000092,anonymous,EN,1,2,2,"3,8",1,1,1,1,1,1,7,7,7,7,7,7,4,4,3.9,1,2,33,1,"1,7",4,,1,46176
4/3/22 19:27,4/3/22 19:27,0,47.248.185.202,24,22,0,4/10/22 19:27,R_2R2PfZJ6xh5Zqb8,,,,,,,anonymous,EN,1,2,2,8,,,,,,,,,,,,,,,,,,,,,,,,
4/3/22 19:49,4/3/22 19:51,0,50.90.234.161,35,106,0,4/10/22 19:51,R_xDilG3EFgyVUtkl,,,,,,,anonymous,EN,1,2,2,8,2,2,2,2,2,2,6,5,5,5,5,5,,,,,,,,,,,,
4/6/22 8:19,4/6/22 8:19,0,47.248.192.95,6,7,0,4/13/22 8:19,R_389XyMVKvMCsH29,,,,,,,anonymous,EN,1,,,,,,,,,,,,,,,,,,,,,,,,,,,
4/13/22 9:18,4/13/22 9:27,0,149.162.184.91,100,530,1,4/13/22 9:27,R_1OpM2PNV7n8TTTf,,,,,39.7436,-86.1158,anonymous,EN,1,2,2,3,4,5,3,4,4,4,7,7,7,7,7,7,7,7,6.1,6,6,20,2,1,2,,2,46202
4/13/22 9:27,4/13/22 9:29,0,149.162.184.91,100,116,1,4/13/22 9:29,R_3KMHEcreP2L8Vny,,,,,39.7436,-86.1158,anonymous,EN,1,2,2,1,6,6,5,6,5,6,7,7,7,7,7,7,7,6.9,6.7,7,7,20,2,6,2,,2,46239
4/13/22 9:28,4/13/22 9:30,0,149.162.228.144,100,122,1,4/13/22 9:30,R_4HMn0fuWLRiJudb,,,,,40.4444,-86.9256,qr,EN,1,2,2,8,1,1,2,2,2,2,6,2,6,4,4,4,4,4,4,2,4,24,2,1,5,,2,46216
4/13/22 9:29,4/13/22 9:31,0,149.162.184.91,100,126,1,4/13/22 9:31,R_54Mv9JSG5Z0tYk1,,,,,39.7436,-86.1158,anonymous,EN,1,2,2,8,2,2,2,2,2,2,6,6,7,6,6,6,4.6,6.4,5.1,2,3,21,2,1,3,,3,46208
4/13/22 9:30,4/13/22 9:32,0,149.162.191.134,100,117,1,4/13/22 9:32,R_12Q3IzbHj00KzDj,,,,,39.8499,-86.2649,qr,EN,1,2,2,8,1,1,1,1,1,1,7,7,7,7,7,7,1.2,1,1,1,1,23,2,1,6,,2,46074
4/13/22 9:30,4/13/22 9:32,0,149.162.236.3,100,138,1,4/13/22 9:32,R_1H2ejUyR532xPLX,,,,,39.7932,-86.2132,qr,EN,1,2,2,8,1,1,1,1,1,1,3,6,1,1,1,1,4,4,4,1,4,25,2,1,6,,2,46033
4/13/22 9:30,4/13/22 9:33,0,149.159.243.60,100,134,1,4/13/22 9:33,R_739Tby3cMXaHHRn,,,,,39.847,-85.9719,qr,EN,1,2,2,3,4,2,2,1,4,2,6,4,5,7,6,6,3.5,3.5,3.5,6,4,18,2,6,1,,1,46323
4/13/22 9:31,4/13/22 9:33,0,149.162.223.111,100,112,1,4/13/22 9:33,R_3O0UNya8U1E1N3r,,,,,39.7954,-86.2658,qr,EN,1,2,2,3,5,5,5,4,2,2,7,6,6,6,6,6,6,6.2,5.8,6,6,19,2,1,2,,2,46202
4/13/22 9:30,4/13/22 9:33,0,149.162.153.6,100,175,1,4/13/22 9:33,R_4SjvgF276qcVItj,,,,,39.7954,-86.2658,qr,EN,1,2,2,8,1,1,1,1,1,1,6,3,2,3,3,4,4,4,4.1,2,1,24,2,1,5,,2,46204
4/13/22 9:30,4/13/22 9:33,0,149.162.205.33,100,187,1,4/13/22 9:33,R_3pgSX18zxdTXDhI,,,,,39.8238,-86.1407,qr,EN,1,2,2,3,1,1,1,1,1,1,5,2,4,2,4,5,4,5.5,4,1,5,24,2,1,6,,2,46201
4/13/22 9:30,4/13/22 9:33,0,174.202.72.167,100,190,1,4/13/22 9:33,R_2AGao2pwUgbTidf,,,,,39.7232,-85.9979,qr,EN,1,2,2,8,2,2,2,2,2,1,5,4,4,4,2,2,4,4,4,4,1,24,2,1,6,,3,46220
4/13/22 9:31,4/13/22 9:33,0,149.159.244.206,100,133,1,4/13/22 9:33,R_R4bnng1AcYfk5aN,,,,,39.7891,-85.8094,qr,EN,1,2,2,3,4,4,4,4,4,4,6,4,6,6,6,6,3.9,3.8,3.7,4,6,20,2,6,2,,2,46222
4/13/22 9:31,4/13/22 9:33,0,174.202.103.111,100,153,1,4/13/22 9:33,R_vqvntWhen6ctXjz,,,,,39.2998,-85.4918,qr,EN,1,2,2,3,4,5,4,4,4,2,7,5,5,5,4,3,5,4.9,4.8,5,5,19,2,1,2,,2,46217
4/13/22 9:30,4/13/22 9:35,0,149.162.188.64,100,297,1,4/13/22 9:35,R_2WTgZx6e9eusFXV,,,,,39.786,-86.1589,qr,EN,1,2,2,8,1,2,2,1,1,1,2,2,3,2,5,5,3.6,5.5,3.6,1,1,26,2,1,6,,2,46234
4/13/22 9:32,4/13/22 9:39,0,149.162.184.91,100,436,1,4/13/22 9:39,R_1i4nfiMiXW53Dk7,,,,,39.7436,-86.1158,anonymous,EN,1,2,2,1,4,4,4,4,4,4,6,5,6,4,4,5,4.6,5.2,4.8,5,4,20,2,1,2,,2,46936
4/13/22 9:38,4/13/22 9:39,0,149.162.163.214,100,96,1,4/13/22 9:39,R_1ghjGwg2DqGsyUB,,,,,39.9714,-86.1295,qr,EN,1,2,2,8,1,1,1,1,2,1,4,4,2,5,4,5,4.5,3.7,4.2,1,1,22,2,1,4,,2,46112
4/13/22 9:37,4/13/22 9:39,0,149.162.200.145,100,128,1,4/13/22 9:39,R_2tyggztYdCQHLja,,,,,39.786,-86.1589,qr,EN,1,2,2,1,6,4,4,6,5,5,6,6,6,6,6,6,6.1,6.5,6.3,6,5,19,1,1,2,,2,46204
4/13/22 9:38,4/13/22 9:40,0,149.162.223.19,100,96,1,4/13/22 9:40,R_1oClmFMPfQ4NPJX,,,,,39.7954,-86.2658,qr,EN,1,2,2,"3,8",1,4,1,2,1,1,6,4,4,5,4,5,6.2,6.2,4.3,1,3,22,2,1,4,,2,46202
4/13/22 9:38,4/13/22 9:40,0,149.166.73.68,100,140,1,4/13/22 9:40,R_3F2rcsXfPYOtash,,,,,39.772,-86.157,qr,EN,1,2,2,"3,8",1,4,1,1,1,1,5,1,2,3,4,1,4.2,4.2,4,4,2,22,1,1,3,,2,46074
4/13/22 9:38,4/13/22 9:40,0,107.119.41.18,100,139,1,4/13/22 9:40,R_3fCNBRLu2tESS26,,,,,39.6766,-86.1944,qr,EN,1,2,2,8,1,4,1,4,1,1,6,1,2,1,1,2,7,7,7,4,4,21,1,1,3,,2,46052
4/13/22 9:37,4/13/22 9:40,0,149.162.212.194,100,181,1,4/13/22 9:40,R_1Ldsp4lRiqYXX56,,,,,39.786,-86.1589,qr,EN,1,2,2,3,5,6,4,4,4,4,7,6,6,6,4,5,5.9,6.1,6.1,6,6,20,2,6,2,,2,46202
4/13/22 9:39,4/13/22 9:41,0,149.162.184.91,100,90,1,4/13/22 9:41,R_3CT5O5q5DFHfI2i,,,,,39.7436,-86.1158,anonymous,EN,1,2,2,8,4,4,4,4,4,4,6,5,4,4,4,4,4,4,5.1,5,6,18,2,4,1,,5,46202
4/13/22 9:41,4/13/22 9:43,0,149.162.191.220,100,142,1,4/13/22 9:43,R_ezo1xhKE9rS6cy5,,,,,39.9564,-85.9651,qr,EN,1,2,2,"3,8",1,3,2,2,3,3,5,6,6,5,6,6,5.9,6,5.1,2,5,19,2,1,2,,2,46060
4/13/22 9:41,4/13/22 9:44,0,149.159.244.134,100,135,1,4/13/22 9:44,R_2qErrKm9rp5hUra,,,,,39.7891,-85.8094,qr,EN,1,2,2,"3,8",2,2,2,2,2,2,6,5,5,5,5,5,5.1,5.1,5.2,5,5,18,2,"1,4",1,,2,46256
4/13/22 9:40,4/13/22 9:44,0,149.162.195.150,100,220,1,4/13/22 9:44,R_2c2COSz3Ocrasis,,,,,39.6757,-86.0694,qr,EN,1,2,2,3,4,4,2,6,4,4,6,5,6,6,5,5,7,7,7,6,6,19,2,1,1,,2,46202
4/13/22 9:41,4/13/22 9:44,0,149.162.215.245,100,196,1,4/13/22 9:44,R_3k1DXuHc4Oc02am,,,,,39.8286,-86.1796,qr,EN,1,2,2,8,2,3,2,2,2,2,6,6,6,6,6,6,5.1,4,4.9,4,4,26,2,1,3,,2,46113
4/13/22 9:43,4/13/22 9:46,0,174.202.34.244,100,158,1,4/13/22 9:46,R_3DiJybkOQKS86mJ,,,,,39.711,-86.2591,qr,EN,1,2,2,3,2,2,2,2,2,2,5,4,5,5,5,5,3.5,4.7,4.4,4,2,19,2,1,1,,2,46385
4/13/22 9:41,4/13/22 9:47,0,149.162.184.91,100,351,1,4/13/22 9:47,R_2YFyd5Ud7j85BdV,,,,,39.7436,-86.1158,anonymous,EN,1,2,2,8,2,2,2,2,2,2,7,4,5,5,5,5,4.1,4,4.1,5,2,38,2,1,3,,1,46239
4/13/22 9:46,4/13/22 9:48,0,149.162.245.221,100,101,1,4/13/22 9:48,R_2Eyibew2YQ4N14o,,,,,39.6195,-86.1552,qr,EN,1,2,2,8,2,2,2,2,2,2,1,3,6,6,6,6,1.9,2.1,2,5,3,20,1,1,2,,5,46202
4/13/22 9:47,4/13/22 9:54,0,149.162.184.91,100,413,1,4/13/22 9:54,R_26hEgUqNxsOnQ7X,,,,,39.7436,-86.1158,anonymous,EN,1,2,2,3,4,3,2,5,4,4,6,6,7,6,6,6,1,1,1,5,6,22,2,1,4,,3,46130
4/13/22 9:51,4/13/22 9:56,0,149.162.204.133,100,263,1,4/13/22 9:56,R_3lKB4QTrmWeQToI,,,,,39.786,-86.1589,qr,EN,1,2,2,8,2,2,2,2,2,2,3,4,4,5,4,3,5,5,5,4,3,22,2,1,3,,2,46033
4/13/22 9:52,4/13/22 9:56,0,142.93.123.227,100,241,1,4/13/22 9:56,R_12cfkbXzMMpiKQO,,,,,40.793,-74.0247,qr,EN,1,2,2,8,4,4,1,4,4,1,7,1,4,6,4,1,4,4,4.1,4,7,23,2,"1,2",2,,4,46214
4/13/22 9:51,4/13/22 9:56,0,149.162.240.162,100,270,1,4/13/22 9:56,R_12DBSOX16U5rNwe,,,,,39.1215,-86.5784,qr,EN,1,2,2,8,1,1,1,1,1,1,6,4,4,5,5,5,4,4,4,1,1,why ðŸ¤¨,2,1,3,,3,"again, why ðŸ¤¨"
4/13/22 9:54,4/13/22 9:59,0,149.162.184.91,100,319,1,4/13/22 9:59,R_OjM0PbNFGGLn6uJ,,,,,39.7436,-86.1158,anonymous,EN,1,2,2,3,3,3,5,5,3,3,7,7,7,7,7,7,6.1,6.1,7,5,7,21,2,1,3,,2,47725
4/13/22 9:59,4/13/22 10:01,0,149.162.184.91,100,103,1,4/13/22 10:01,R_2TMmBoWH50JZ2ym,,,,,39.7436,-86.1158,anonymous,EN,1,2,2,2,7,7,7,7,7,7,6,6,7,7,5,5,7,7,7,7,7,22,1,"1,2",4,,2,46202
4/13/22 9:41,4/13/22 10:11,0,174.202.38.83,100,1842,1,4/13/22 10:12,R_2yjvSfI63fLmL7x,,,,,39.7764,-86.1077,qr,EN,1,2,2,3,2,4,4,4,4,4,2,2,3,1,4,4,6.9,6.9,7,4,4,20,2,1,3,,2,46040
4/13/22 10:35,4/13/22 10:39,0,107.77.206.9,100,188,1,4/13/22 10:39,R_1nTlFb6JTNuZeTu,,,,,41.8764,-87.6133,anonymous,EN,1,2,2,"2,4,6,7",7,5,6,6,5,6,7,7,7,7,6,5,7,7,7,7,7,22,2,1,9,Alumni ,2,46205
4/13/22 10:36,4/13/22 10:39,0,38.109.186.122,100,198,1,4/13/22 10:39,R_3OjK6mfWuuqo8ue,,,,,39.711,-86.2591,anonymous,EN,1,2,2,"1,2,3,4,7",7,2,7,7,7,7,7,2,7,7,7,7,7,7,7,7,7,23,2,1,6,,4,46221
4/13/22 10:37,4/13/22 10:42,0,192.24.185.193,100,293,1,4/13/22 10:42,R_1IDWiIhekSfUihY,,,,,39.0217,-84.4989,anonymous,EN,1,2,2,2,6,4,3,4,3,4,6,4,5,5,5,5,3.6,3.5,4.3,4,5,23,2,"1,6",5,,4,47041
4/6/22 11:05,4/6/22 11:06,0,50.90.240.89,22,66,0,4/13/22 11:06,R_3NBOQfbnoMTuN5Z,,,,,,,anonymous,EN,1,2,2,3,,,,,,,,,,,,,,,,,,,,,,,,
4/13/22 12:02,4/13/22 12:04,0,184.170.174.51,100,118,1,4/13/22 12:04,R_UL3F27P8E7vvULD,,,,,39.5992,-86.13,anonymous,EN,1,2,2,"1,2,3,4,6,7",7,7,7,7,7,7,7,7,7,7,7,7,5.8,5.9,6.3,7,7,23,2,1,5,,2,46202
4/13/22 13:22,4/13/22 13:24,0,107.77.234.21,100,155,1,4/13/22 13:24,R_1Cjz6zf4LEtvsJI,,,,,37.751,-97.822,anonymous,EN,1,2,2,"1,2,3,4,7",7,7,6,7,6,5,6,3,5,5,5,3,7,7,7,7,7,24,2,1,5,,2,49007
4/13/22 13:20,4/13/22 13:24,0,162.1.159.112,100,243,1,4/13/22 13:25,R_1Qn327GnR9N0ram,,,,,39.8079,-86.0949,anonymous,EN,1,2,2,"2,4,7",7,6,7,7,6,6,6,5,6,5,3,2,7,7,6,7,7,24,1,4,9,Alumni,3,46033
4/6/22 13:40,4/6/22 13:40,0,68.45.23.37,17,14,0,4/13/22 13:49,R_12yUHxHdlAzP6kW,,,,,,,anonymous,EN,1,2,2,,,,,,,,,,,,,,,,,,,,,,,,,
4/13/22 17:43,4/13/22 17:45,0,98.46.2.234,100,119,1,4/13/22 17:45,R_eJ5BlQK9oRgFve9,,,,,41.9215,-87.6446,anonymous,EN,1,2,2,"1,2,3,4,6,7",7,6,6,6,6,6,6,5,6,6,6,6,7,7,6,7,7,22,2,"1,6",9,,4,60657
4/7/22 10:07,4/7/22 10:08,0,152.117.79.48,22,44,0,4/14/22 10:08,R_URVYnVzFeA8M4Vz,,,,,,,anonymous,EN,1,2,2,3,,,,,,,,,,,,,,,,,,,,,,,,
4/7/22 16:10,4/7/22 16:11,0,50.90.237.131,22,21,0,4/14/22 16:40,R_2ysl1bjitmAjzne,,,,,,,anonymous,EN,1,2,2,3,,,,,,,,,,,,,,,,,,,,,,,,